name,degree,address,tel
현대오일뱅크직영 신목동셀프주유소,,서울 양천구 목동동로10길 13,02-2642-5188
현대오일뱅크직영 양천셀프주유소,,서울 양천구 목동로 17,02-2644-5185
SK에너지 신평주유소,,서울 양천구 목동남로 62,02-2654-5145
타이거오일 신정주유소,,서울 양천구 중앙로 226,02-2646-6212
신정동주유소,,서울 양천구 안양천로 663,02-2651-5189
목화주유소,,서울 강서구 국회대로 251,02-2654-4564
양천구주유소,,서울 양천구 국회대로 275,02-2644-5105
GS칼텍스 경인고속주유소,,서울 강서구 국회대로 225,02-2608-5151
자연에너지 고척주유소,,서울 구로구 고척로 199,070-8671-3106
SK에너지 경인주유소,,서울 양천구 국회대로 170,02-2693-4994
현대오일뱅크 양정주유소,,서울 양천구 국회대로 158,02-2691-5185
삼미상사 신월IC주유소,,서울 양천구 중앙로 331,02-2694-4966
지에스이앤알직영 서울주유소,,서울 양천구 신정로 236,02-2607-9478
뉴신정주유소,,서울 강서구 곰달래로 207,02-2606-1149
삼표에너지 목동주유소,,서울 양천구 목동서로 129,02-2654-5153
구인주유소,,서울 구로구 경인로 558,02-2677-5010
신월주유소,,서울 양천구 신월로 193,02-2603-5182
씨앤에스유통 한일주유소,,서울 영등포구 도림로 486,02-3667-5101
디큐브주유소,,서울 구로구 경인로 650,02-2633-7188
서부트럭터미날 직영주유소,,서울 양천구 신정로 167,02-2614-0047
신화곡주유소,,서울 강서구 국회대로 71,02-2611-3161
개봉주유소,,서울 구로구 고척로 115,02-2618-5145
HD현대오일뱅크직영 남부순환셀프주유소,,서울 양천구 남부순환로 553,02-2690-5001
GS칼텍스 개봉동주유소,,서울 구로구 경인로 290,02-2685-5189
목동주유소,,서울 양천구 목동중앙로 125,02-2645-5104
SK구로주유소,,서울 구로구 구일로 94,02-868-5758
GS칼텍스 화일주유소,,서울 영등포구 도림로 415,02-2633-5546
현대석유 현대셀프주유소,,경기 광명시 남부순환로 997,02-2616-0051
신성주유소,,서울 구로구 구로동로 187,02-866-5189
SK에너지 양평주유소,,서울 영등포구 선유로 195,02-2633-1013
신양주유소,,서울 양천구 지양로 67,02-2608-3312
HD현대오일뱅크직영 대일주유소,,서울 영등포구 영등포로 168,02-2068-8700
구로그린주유소,,서울 구로구 구로중앙로 76,02-861-5189
GS이앤알 모드니주유소,,서울 영등포구 경인로 789,02-2637-7788
인엔아웃셀프주유소,,경기 광명시 안양천로 463,02-3666-5151
도림주유소,,서울 영등포구 도림로 343,02-835-8881
HD현대오일뱅크 신구로주유소,,서울 구로구 구로동 106-5,02-859-0051
개나리셀프주유소,,서울 양천구 남부순환로 442,02-2606-5189
MS에너지,,서울 영등포구 대림로 230,02-844-5151
구로주유소,,서울 구로구 구로동로 137,02-857-1251
선유도주유소,,서울 영등포구 양평로 141,
대청에너지 대청주유소,,서울 영등포구 가마산로 328,02-841-8780
남서울고속주유소,,서울 영등포구 가마산로 367,02-843-5151
등촌주유소,,서울 강서구 등촌로 189,02-2647-5700
영등포제일셀프주유소,,서울 영등포구 대림동 667-9,02-847-5151
영등포현대셀프주유소,,서울 영등포구 경인로 822,02-2678-0503
우주피엔씨 새광명셀프주유소,,경기 광명시 시청로 115,02-2625-7674
화곡현대주유소,,서울 강서구 강서로 151,02-2607-1942
화곡역주유소,,서울 강서구 강서로 154,02-2691-5151
GS칼텍스 건지주유소,,서울 양천구 안양천로 1171,02-2644-5108
현대오일뱅크직영 목동셀프주유소,,서울 양천구 공항대로 648,02-2648-4204
제2한강주유소,,서울 영등포구 선유로 260,02-2633-2716
현대오일뱅크직영 양천현대셀프주유소,,서울 양천구 안양천로 1179,02-2653-5189
형산석유 원주유소,,서울 양천구 남부순환로 408,02-2690-5837
HD현대오일뱅크직영 양화교셀프주유소,,서울 강서구 공항대로 653,02-3665-2004
성락주유소,,서울 영등포구 가마산로 414,02-842-6148
강서열린주유소,,서울 강서구 등촌로 213,02-2647-9091
대원셀프주유소,,서울 구로구 개봉로 7,02-2612-3880
SK에너지 기린주유소,,서울 영등포구 선유로 270,02-2671-5182
가로공원주유소,,서울 양천구 가로공원로 165,02-2695-3423
서서울고속주유소,,서울 구로구 경인로 150,02-2683-1126
행촌주유소,,서울 영등포구 도신로 130,070-7758-5189
염창동주유소,,서울 강서구 양천로 720,02-3664-4134
동아주유소,,서울 구로구 도림로 91,02-855-1282
강서오일,,서울 영등포구 도신로 151,02-832-1700
성원E&S 영등포지점,,서울 영등포구 국회대로 665,02-2635-7781
현대주유소,,서울 양천구 남부순환로 372,02-2608-9231
버드나룻길주유소,,서울 영등포구 버드나루로 111,02-2634-5104
구광주유소,,서울 금천구 서부샛길 674,02-868-6889
서울에너지 궁동주유소,,서울 구로구 오리로 1299,070-8671-2981
이케이에너지 강서주유소,,서울 강서구 화곡동 983-1,02-2699-5219
영진주유소,,서울 구로구 구로동로 20,02-861-6625
GS칼텍스 신길주유소,,서울 영등포구 신길로 74,02-833-1113
플라트 서호주유소,,서울 양천구 남부순환로 317,02-2602-5172
하이웨이주유소,,서울 강서구 공항대로 432,02-2605-4000
코리나 청룡주유소,,서울 강서구 양천로 576,02-3661-1575
SK에너지 신길동주유소,,서울 영등포구 영등포로 348,02-843-0481
국회대로주유소,,서울 영등포구 국회대로 746,02-761-5122
씨앤에스유통 구로드림주유소,,서울 구로구 경인로 41,02-2611-5180
철산주유소,,경기 광명시 오리로 883,02-2616-1697
부강주유소,,경기 부천시 오정구 역곡로 458,032-683-3305
BK대명주유소,,경기 부천시 오정구 역곡로 449,032-676-5001
한도석유 한도주유소,,경기 부천시 오정구 봉오대로 560,032-673-8128
우장산주유소,,서울 강서구 강서로 292,02-3664-7163
광생주유소,,경기 광명시 광명로 856,02-2689-5511
HD현대오일뱅크직영 신대방셀프주유소,,서울 동작구 시흥대로 616,02-832-7926
광역고강주유소,,경기 부천시 오정구 역곡로 560,032-678-6446
작동주유소,,경기 부천시 오정구 역곡로 293,032-683-5188
계남주유소,,경기 부천시 원미구 길주로 640,032-682-0278
GS칼텍스 여월신도시주유소,,경기 부천시 오정구 여월로 112,032-677-5773
현대오일뱅크직영 금천제일주유소,,서울 금천구 남부순환로 1410,02-859-5426
은행나무주유소,,경기 부천시 오정구 길주로 571,032-675-5185
부천제일주유소,,경기 부천시 오정구 소사로 782,032-681-3737
하이웨이에너지,,경기 광명시 광명로 769,02-2066-5189
SK에너지 이가주유소,,서울 금천구 시흥대로 441,02-861-2241
HD현대오일뱅크직영 가양주유소,,서울 강서구 양천로 391,02-3661-9470
박물관주유소,,서울 강서구 양천로53길 97,02-3665-5189
안국에너지 망원동주유소,,서울 마포구 월드컵로 119,02-334-0917
해동 오일뱅크주유소,,경기 부천시 오정구 소사로 627,032-671-5189
대성석유 마곡대성주유소,,서울 강서구 강서로 457,02-3664-7781
엠오티이엔지직영 삼화주유소,,서울 관악구 보라매로 41,02-889-8929
CJ대한통운 신림주유소,,서울 관악구 남부순환로 1515,02-2632-8612
대성주유소,,서울 강서구 강서로 472,02-3661-6102
HD현대오일뱅크직영 관악셀프주유소,,서울 관악구 남부순환로 1520,02-867-1877
HD현대오일뱅크직영 문성골주유소,,서울 관악구 문성로 97,02-839-0081
대양석유직영 보라매주유소,,서울 관악구 보라매로 26,02-882-5189
고객행복주유소,,경기 부천시 오정구 여월동 312,032-674-4544
남서울경복에너지,,서울 금천구 독산로 257,02-855-9880
광일알뜰주유소,,경기 광명시 광명로 712,02-2617-5151
SK KH에너지 가양주유소,,서울 강서구 강서로 498,02-3664-6051
매일셀프주유소,,서울 동작구 상도로 139,02-817-4085
세원제1주유소,,서울 강서구 양천로 311,02-3663-5151
성산대교주유소,,서울 마포구 성산로 144,02-323-0078
역곡역주유소,,경기 부천시 소사구 경인로 463,032-343-5155
오션네트웍스 서울식물원지점 주유소,,서울 강서구 양천로 300,02-3661-8829
HD현대오일뱅크직영 영진주유소,,경기 광명시 범안로 984,02-898-0051
옥길동주유소,,경기 부천시 소사구 옥길로 143,032-347-9660
마포시엠주유소,,서울 마포구 월드컵북로 62,02-338-9447
행운셀프주유소,,경기 광명시 부광로 309,02-2619-0700
청원주유소,,서울 마포구 월드컵북로 113,02-325-5533
우일주유소,,경기 부천시 원미구 원미로 224,032-651-3783
디오티디 부천범블비주유소,,경기 부천시 소사구 양지로 115,02-6949-5189
GS칼텍스 난곡주유소,,서울 관악구 난곡로 206,02-858-2003
유턴주유소,,서울 강서구 남부순환로 57,02-2665-5047
삼성주유소,,경기 광명시 범안로 925,02-898-4454
동양산업직영 일광주유소,,경기 부천시 원미구 길주로 442,032-663-1010
타이거통상 월드컵주유소,,서울 마포구 월드컵북로 170,070-4121-0021
사계절주유소,,경기 부천시 오정구 봉오대로 278,032-673-7011
GS이앤알직영 하안단지주유소,,경기 광명시 오리로 608,02-899-5202
에스에스오토주유소,,서울 마포구 서강로 76,02-336-5185
GS칼텍스 상암주유소,,경기 고양시 덕양구 자유로 38,02-3158-0030
연우에너지 신관주유소,,서울 관악구 신림로 290,02-871-1356
학온셀프주유소,,경기 광명시 광명로 627,02-2681-8781
원미주유소,,경기 부천시 원미구 원미로 148,032-666-1119
용강주유소,,서울 마포구 토정로 258,070-7795-4800
