name,degree,address,tel
현대석유 현대셀프주유소,,경기 광명시 남부순환로 997,02-2616-0051
GS칼텍스 개봉동주유소,,서울 구로구 경인로 290,02-2685-5189
SK구로주유소,,서울 구로구 구일로 94,02-868-5758
자연에너지 고척주유소,,서울 구로구 고척로 199,070-8671-3106
인엔아웃셀프주유소,,경기 광명시 안양천로 463,02-3666-5151
우주피엔씨 새광명셀프주유소,,경기 광명시 시청로 115,02-2625-7674
대원셀프주유소,,서울 구로구 개봉로 7,02-2612-3880
신정동주유소,,서울 양천구 안양천로 663,02-2651-5189
개봉주유소,,서울 구로구 고척로 115,02-2618-5145
SK에너지 신평주유소,,서울 양천구 목동남로 62,02-2654-5145
구인주유소,,서울 구로구 경인로 558,02-2677-5010
현대오일뱅크직영 양천셀프주유소,,서울 양천구 목동로 17,02-2644-5185
신성주유소,,서울 구로구 구로동로 187,02-866-5189
지에스이앤알직영 서울주유소,,서울 양천구 신정로 236,02-2607-9478
구광주유소,,서울 금천구 서부샛길 674,02-868-6889
구로주유소,,서울 구로구 구로동로 137,02-857-1251
서서울고속주유소,,서울 구로구 경인로 150,02-2683-1126
서부트럭터미날 직영주유소,,서울 양천구 신정로 167,02-2614-0047
타이거오일 신정주유소,,서울 양천구 중앙로 226,02-2646-6212
철산주유소,,경기 광명시 오리로 883,02-2616-1697
구로그린주유소,,서울 구로구 구로중앙로 76,02-861-5189
광생주유소,,경기 광명시 광명로 856,02-2689-5511
디큐브주유소,,서울 구로구 경인로 650,02-2633-7188
영진주유소,,서울 구로구 구로동로 20,02-861-6625
현대오일뱅크직영 신목동셀프주유소,,서울 양천구 목동동로10길 13,02-2642-5188
HD현대오일뱅크 신구로주유소,,서울 구로구 구로동 106-5,02-859-0051
동아주유소,,서울 구로구 도림로 91,02-855-1282
서울에너지 궁동주유소,,서울 구로구 오리로 1299,070-8671-2981
대청에너지 대청주유소,,서울 영등포구 가마산로 328,02-841-8780
신월주유소,,서울 양천구 신월로 193,02-2603-5182
옥길주유소,,경기 광명시 금오로 846,02-2619-4144
씨앤에스유통 구로드림주유소,,서울 구로구 경인로 41,02-2611-5180
MS에너지,,서울 영등포구 대림로 230,02-844-5151
HD현대오일뱅크직영 남부순환셀프주유소,,서울 양천구 남부순환로 553,02-2690-5001
남서울고속주유소,,서울 영등포구 가마산로 367,02-843-5151
씨앤에스유통 한일주유소,,서울 영등포구 도림로 486,02-3667-5101
하이웨이에너지,,경기 광명시 광명로 769,02-2066-5189
극동유화 항동주유소,,서울 구로구 서해안로 2154,02-2611-1113
삼미상사 신월IC주유소,,서울 양천구 중앙로 331,02-2694-4966
영등포제일셀프주유소,,서울 영등포구 대림동 667-9,02-847-5151
SK에너지 경인주유소,,서울 양천구 국회대로 170,02-2693-4994
GS칼텍스 화일주유소,,서울 영등포구 도림로 415,02-2633-5546
현대오일뱅크 양정주유소,,서울 양천구 국회대로 158,02-2691-5185
도림주유소,,서울 영등포구 도림로 343,02-835-8881
GS칼텍스 경인고속주유소,,서울 강서구 국회대로 225,02-2608-5151
목화주유소,,서울 강서구 국회대로 251,02-2654-4564
성락주유소,,서울 영등포구 가마산로 414,02-842-6148
신양주유소,,서울 양천구 지양로 67,02-2608-3312
양천구주유소,,서울 양천구 국회대로 275,02-2644-5105
HD현대오일뱅크직영 구로셀프주유소,,서울 구로구 시흥대로 531,02-856-1135
신화곡주유소,,서울 강서구 국회대로 71,02-2611-3161
역곡WASH주유소,,경기 부천시 원미구 부일로 829,032-346-2220
역곡주유소,,경기 부천시 원미구 역곡동 247-7,032-345-5002
뉴신정주유소,,서울 강서구 곰달래로 207,02-2606-1149
광일알뜰주유소,,경기 광명시 광명로 712,02-2617-5151
화동유업 화동주유소,,서울 금천구 시흥대로 484,02-856-0283
GS이앤알 모드니주유소,,서울 영등포구 경인로 789,02-2637-7788
HD현대오일뱅크직영 신대방셀프주유소,,서울 동작구 시흥대로 616,02-832-7926
삼표에너지 목동주유소,,서울 양천구 목동서로 129,02-2654-5153
행촌주유소,,서울 영등포구 도신로 130,070-7758-5189
SK에너지 이가주유소,,서울 금천구 시흥대로 441,02-861-2241
GS칼텍스 신길주유소,,서울 영등포구 신길로 74,02-833-1113
HD현대오일뱅크직영 대일주유소,,서울 영등포구 영등포로 168,02-2068-8700
영등포현대셀프주유소,,서울 영등포구 경인로 822,02-2678-0503
개나리셀프주유소,,서울 양천구 남부순환로 442,02-2606-5189
강서오일,,서울 영등포구 도신로 151,02-832-1700
HD현대오일뱅크직영 영진주유소,,경기 광명시 범안로 984,02-898-0051
행운셀프주유소,,경기 광명시 부광로 309,02-2619-0700
계남주유소,,경기 부천시 원미구 길주로 640,032-682-0278
현대오일뱅크직영 금천제일주유소,,서울 금천구 남부순환로 1410,02-859-5426
삼성주유소,,경기 광명시 범안로 925,02-898-4454
옥길동주유소,,경기 부천시 소사구 옥길로 143,032-347-9660
남서울경복에너지,,서울 금천구 독산로 257,02-855-9880
형산석유 원주유소,,서울 양천구 남부순환로 408,02-2690-5837
작동주유소,,경기 부천시 오정구 역곡로 293,032-683-5188
